Title,Link,Author,PDF Link,Description,Thumbnail
Rain,https://freekidsbooks.org/rain/,Author: Letta Machoga Illustrator: Marleen Visser,https://freekidsbooks.org/wp-content/uploads/2024/06/2406-Rain-FKB.pdf,A short children’s story about rain and water. Suitable for an early reader. Text from Rain I love water. I enjoy playing with water. It is raining. Rain gives us water. I enjoy playing outside. But it is raining. I enjoy playing out in the rain. My hair is wet from playing in the rain. …,"data:image/gif;base64,R0lGODlhAQABAAAAACH5BAEKAAEALAAAAAABAAEAAAICTAEAOw=="
See You Tomorrow – fun early reader,https://freekidsbooks.org/see-you-tomorrow-fun-early-reader/,"Written by Tanya Luther Agarwal, illustrated by Partho Sengupta",https://freekidsbooks.org/wp-content/uploads/2024/06/2406-see-you-tomorrow-FKB.pdf,"A young boy tells all his animal friends “See you tomorrow,”, but will he see them all tomorrow? And if so when? A cute story with lots of repetition and imagery perfect for early readers. Sample Page from See You Tomorrow Read along with the video of See You Tomorrow, read by Kiwi Opa: Attribution: …",https://freekidsbooks.org/wp-content/uploads/2024/06/Rain-Cover.jpg
Lost in the Dark – a scary misadventure,https://freekidsbooks.org/lost-in-the-dark-a-scary-misadventure/,"Author: Sephora Mamosheledi, Illustrator: Isaac Sikhakhane",https://freekidsbooks.org/wp-content/uploads/2024/05/2405-lost-in-the-dark-RTR-FKB.pdf,"Three girls go out to play, losing track of time, it gets dark and they can’t find their way back, will they find their parents again? A lesson about being mindful when out alone. Author: Sephora Mamosheledi, Illustrator: Isaac Sikhakhane Sample Page from Lost in the Dark This book was brought to us by Room …","data:image/gif;base64,R0lGODlhAQABAAAAACH5BAEKAAEALAAAAAABAAEAAAICTAEAOw=="
A Trip to the Tap,https://freekidsbooks.org/a-trip-to-the-tap/,"Illustrated by Phumle April, Written by Sindeka Mandoyi",https://freekidsbooks.org/wp-content/uploads/2024/05/2405-A_Trip_to_the_Tap-BookDash-FKB.pdf,"Oluhle is excited to go to the tap and fetch water, she will see her friends there, but what happens when she can’t find her bucket? Illustrated by Phumle April Written by Sindeka Mandoyi Designed by Nadene Kriel Sample Page from A Trip to the Tap   Download the full book by selecting one of …",https://freekidsbooks.org/wp-content/uploads/2024/06/4206-see-you-tomorrow-FKB-cover.jpg
The Conical Hat,https://freekidsbooks.org/the-conical-hat/,Author: Ram Babu Subedi Illustrator: Promina Shreshtha,https://freekidsbooks.org/wp-content/uploads/2024/04/2404-The_conical_hat-RTR-FKB.pdf,"A short story about conical hats and all their important uses. Great for young children, learning to read, and ESL. Sample page from The Conical Hat Author: Ram Babu Subedi Illustrator: Promina Shreshtha Brought to us by Room to Read. Read along with Kiwi Opa:","data:image/gif;base64,R0lGODlhAQABAAAAACH5BAEKAAEALAAAAAABAAEAAAICTAEAOw=="
Let’s Count Legs,https://freekidsbooks.org/lets-count-legs/,Author: All Children Reading Cambodia Illustrator: Measa Sovonnarea,https://freekidsbooks.org/wp-content/uploads/2024/04/2404-let-s-count-legs-FKB.pdf,"A fun counting book featuring the numbers 2,4,6, and 8. Brought to us by The Asia Foundation and Storyweaver. Author: All Children Reading Cambodia Illustrator: Measa Sovonnarea Sample Page from Let’s Count Legs Read along with Kiwi Opa in the video of Let’s Count Legs:",https://freekidsbooks.org/wp-content/uploads/2024/05/2405-lost-in-the-dark-RTR-FKB.jpg
The Pottering Pig,https://freekidsbooks.org/the-pottering-pig/,Author: Rohit Kulkarni Illustrator: Priya Kuriyan,https://freekidsbooks.org/wp-content/uploads/2024/04/2404-the-pottering-pig-FKB.pdf,"The pottering pig causes all sorts of chaos, but did she break the potter’s pots? A cute whodunnit, when the Pottering Pig is accused of a crime she may or may not have committed. Author: Rohit Kulkarni Illustrator: Priya Kuriyan Sample Page from The Pottering Pig: Brought to us by Pratham Books. Read along with …","data:image/gif;base64,R0lGODlhAQABAAAAACH5BAEKAAEALAAAAAABAAEAAAICTAEAOw=="
Three Billy Goats Gruff – CKF,https://freekidsbooks.org/three-billy-goats-gruff-ckf/,Core Knowledge Foundation,https://freekidsbooks.org/wp-content/uploads/2024/04/2404-Three_Billy_Goats_Gruff-Landscape-Book-CKF-FKB-1.pdf,This classic tale is told with some beautiful imagery combined with some comprehension questions. Creator: Core Knowledge Foundation See more from CKF on FKB here: https://freekidsbooks.org/publisher/core-knowledge-foundation/ This book is also available in an editable version (created using Open Office): https://freekidsbooks.org/wp-content/uploads/2024/04/Three_Billy_Goats_Gruff-Landscape-Book-CKF-FKB.odt Sample Page from Three Billy Goats Gruff:,https://freekidsbooks.org/wp-content/uploads/2024/05/2405-A_Trip_to_the_Tap-Childrens_Story_BookDash-FKB-cover.jpg
Monster’s Day Out,https://freekidsbooks.org/monsters-day-out/,Danielle Bruckert,https://freekidsbooks.org/wp-content/uploads/2024/03/Monsters-Day-Out-FKB.pdf,"A sequel to the popular There’s a Monster this book explores, in rhyme, a day at the playground with Monster. Sample Page from Monster’s Day Out See also: There’s a Monster eBook More by the Author – Danielle Bruckert And, more books about Monster’s on FKB","data:image/gif;base64,R0lGODlhAQABAAAAACH5BAEKAAEALAAAAAABAAEAAAICTAEAOw=="
Happy Train,https://freekidsbooks.org/happy-train/,Author: Humayan Rashid Illustrator: Mehedi Haque,https://freekidsbooks.org/wp-content/uploads/2024/03/2403-Happy_Train-RTR-FKB.pdf,"A train travels through the country side, first she is very happy, but then getting farther and farther from home and seeing strange people and animals she becomes worried and scared. Fortunately someone comes to help. A great story about exploring emotions. Author: Humayan Rashid Illustrator: Mehedi Haque Sample Page from The Happy Train: Another …",https://freekidsbooks.org/wp-content/uploads/2024/04/The-Conical-Hat-Cover.jpg
Hippo Naughty Hippo,https://freekidsbooks.org/hippo-naughty-hippo/,"Adaption Danielle Bruckert, Illustrations Megan Andrews",https://freekidsbooks.org/wp-content/uploads/2024/02/2402-Hippo_Naughty_Hippo-FKB.pdf,"What is Hippo doing? And is she really naughty? Find out in this cute, beautifully illustrated text for young children. Repetition and simple language can also be useful for learn to read age. See also Elephant, Naughty Elephant in this series. Sample Text from Hippo, Naughty Hippo What is Hippo doing, can you guess? Hippo, …","data:image/gif;base64,R0lGODlhAQABAAAAACH5BAEKAAEALAAAAAABAAEAAAICTAEAOw=="
Hungry on the Steps – Early Learning,https://freekidsbooks.org/hungry-on-the-steps-early-learning/,"Author: Nandini Nayar, Illustrator: Nirzara Verulkar",https://freekidsbooks.org/wp-content/uploads/2024/02/2402-hungry-on-the-steps-FKB.pdf,"Count with a hungry family, trekking up the stairs to their house, and someone else is hungry too – join in, in this cute interactive story featuring repetition, rhyme, and counting, perfect for early learning. Sample Text from Hungry on the Stairs “I am hungry!” Pranav shouts. “Hurry, then!” Amma says. “But why?” “You are …",https://freekidsbooks.org/wp-content/uploads/2024/02/hippo-Cover.jpg
Friendship with the Toothbrush,https://freekidsbooks.org/friendship-with-the-toothbrush/,Neha Jain,https://amzn.eu/d/g3wsn27,"A cute rhyming story encouraging brushing teeth, including a star chart at the end. Also available in Hindi Sample page from Friendship with Toothbrush Read along with the video – read by Kiwi Opa","data:image/gif;base64,R0lGODlhAQABAAAAACH5BAEKAAEALAAAAAABAAEAAAICTAEAOw=="
Gorillas Go to the Beach,https://freekidsbooks.org/gorillas-go-to-the-beach/,Jemma Jose,https://freekidsbooks.org/wp-content/uploads/2024/01/2401-gorillas-go-to-the-beach-FKB.pdf,"What would gorillas do if they went to the beach? A beautifully illustrated short children’s story for young children, also suitable for learn to read age. Author/Illustrator: Jemma Jose See more books about animals in our Animals Category. See more books like this in our Toddlers Category Download or read online the full book by …",https://freekidsbooks.org/wp-content/uploads/2024/02/Hungry-on-the-steps-childrens-story-cover.jpg
Allie’s Haircut,https://freekidsbooks.org/allies-haircut/,Fatimah Zahra,https://freekidsbooks.org/wp-content/uploads/2023/12/2312-Allies-Haircut-FKB.pdf,"Allie thinks her mum looks so pretty with short hair, she wishes she had short hair, what do you think she will do? Find out in this beautifully illustrated short book, perfect for reading to young children, or by emergent readers. Read the full book by selecting one of the green buttons below the post! …","data:image/gif;base64,R0lGODlhAQABAAAAACH5BAEKAAEALAAAAAABAAEAAAICTAEAOw=="
"Always Be Good – Be Nice series book 5, revised edition",https://freekidsbooks.org/always-be-good-be-nice-series-book-5-revised-edition/,Danielle Bruckert and Zehnya Bruckert,https://freekidsbooks.org/wp-content/uploads/2023/02/FKB_Learn-Sight-Words-Print_friendly-Always_Be_Good-VZ.pdf,"Always Be Good is a short simple book for young children, and beginner ESL readers, promoting important behaviours young children need to learn. Book 5 in the FKB Always Be Nice series featuring cute animals and alliteration.",https://freekidsbooks.org/wp-content/uploads/2024/01/Friends_with_toothbrush-cover.jpg
I Love My Planet – Child friendly conservation guide,https://freekidsbooks.org/i-love-my-planet-child-friendly-conservation-guide/,Author: Peter Reichenbach Illustrator: Patrick Bartsch,https://freekidsbooks.org/wp-content/uploads/2023/12/2312-i-love-my-planet-FKB.pdf,I do not use plastic bags but I use cloth bags instead.,"data:image/gif;base64,R0lGODlhAQABAAAAACH5BAEKAAEALAAAAAABAAEAAAICTAEAOw=="
The Power of Soap – A fun hygiene lesson,https://freekidsbooks.org/the-power-of-soap-a-fun-hygiene-lesson/,The Bronchi Pair,https://freekidsbooks.org/wp-content/uploads/2023/12/2312-The_Power_of_Soap_FKB.pdf,"Hello, this story tells the tale of Leo as he learns about the power and importance of soap.",https://freekidsbooks.org/wp-content/uploads/2024/01/2401-gorillas-go-to-the-beach-FKB.jpg
"Unathi and the Dirty, Smelly Beast – fun early reader",https://freekidsbooks.org/unathi-dirty-smelly-beast-fun-early-reader/,Illustrated by Jess Jardim-Wedepohl Written by Jon Keevy,https://freekidsbooks.org/wp-content/uploads/2023/12/2312-unathi-and-the-dirty-smelly-beast-FKB.pdf,"Unathi and the Dirty, Smelly Beast – A mysterious dirty smelly beast is following Unathi home, or is it really a dirty smelly beast? Find out in this fun creative commons picture book from BookDash. This picture book is perfect for young children who want to start reading and understand common words with help. The …","data:image/gif;base64,R0lGODlhAQABAAAAACH5BAEKAAEALAAAAAABAAEAAAICTAEAOw=="
How Many? – Counting and simple addition,https://freekidsbooks.org/how-many-counting-and-simple-addition/,Author: Sudeshna Shome Ghosh Illustrator: Sayan Mukherjee,https://freekidsbooks.org/wp-content/uploads/2023/12/2312-How_many-Counting_Book-FKB.pdf,"In this book we meet beautifully illustrated creatures and count how many to answer simple addition problems. Author: Sudeshna Shome Ghosh, Illustrator: Sayan Mukherjee. Another great book from Pratham and Storyweaver. – See many more books like this in our Maths Category. Read the full book by selecting one of the buttons below the post. …",https://freekidsbooks.org/wp-content/uploads/2023/12/2312-Allies_Haircut-FKB.jpg
What Is Christmas?,https://freekidsbooks.org/what-is-christmas/,Danielle Bruckert,https://freekidsbooks.org/wp-content/uploads/2016/12/What-is-Christmas-.pdf,"What is Christmas all about? Is it the presents, and the candy, and the snow – do you even have snow? Or is it about sharing, giving, loving, and growth? Is it about toys or is it about family and fun? This short photo book is designed for young children and children learning to read, …","data:image/gif;base64,R0lGODlhAQABAAAAACH5BAEKAAEALAAAAAABAAEAAAICTAEAOw=="
Respecting Personal Space,https://freekidsbooks.org/respecting-personal-space/,Mr. Belgrave,https://freekidsbooks.org/wp-content/uploads/2023/10/Respecting-Personal-Space-Social-Story.pdf,"A group of friends love spending time with each other, but they also each have different likes and hates, respecting each other’s personal space means they have more fun while not offending each other. An endearing story explaining an important lesson about respecting others. Another great story from Kaptain Uke, aka Mr. Belgrave. See more …",https://freekidsbooks.org/wp-content/uploads/2019/12/what-is-christmas-cover2.jpg
Scary No More – A Halloween tale,https://freekidsbooks.org/scary-no-more-a-halloween-tale/,Free Kids Books,https://freekidsbooks.org/wp-content/uploads/2023/10/2310-Scary_No_More-FKB.pdf,"Witches, monsters, and Halloween creatures gather for a night of delight, but instead of being scary, they decide to be jolly and merry. A fun rhyming tale that takes the scare out of scary and makes Halloween fun. For more family fun enjoy some of the recipie suggestions at the end of the book. This …","data:image/gif;base64,R0lGODlhAQABAAAAACH5BAEKAAEALAAAAAABAAEAAAICTAEAOw=="
Cool Cat (What my Cat Does),https://freekidsbooks.org/cool-cat-what-my-cat-does/,Danielle Bruckert and Naobim,https://freekidsbooks.org/wp-content/uploads/2023/11/2310-Cool_Cat-FKB.pdf,Have you ever wondered what your Cat does when you are at school? Find out in this cute rhyming tale,https://freekidsbooks.org/wp-content/uploads/2023/10/Respecting-Personal-Space-Social-Story.jpg
Goldilocks – What Ever Happened to Her?,https://freekidsbooks.org/goldilocks-what-ever-happened-to-her/,"Written by Gabriel Rosenstock, Illustrated by Beatrice Dvilnsky",https://freekidsbooks.org/wp-content/uploads/2023/09/2309-Goldilocks_FKB.pdf,"A very cute beautifully illustrated rhyming tale of Goldilocks and the Three Bears. Gabriel Rosenstock has given life to this classic tale, illustrated by Beatrice Dvilnsky. Suggested age range 4 to 8 years. Text from Goldilocks – What Ever Happened to Her? Who goes there? It’s Mommy Bear, Daddy Bear, and Baby Bear. They often …","data:image/gif;base64,R0lGODlhAQABAAAAACH5BAEKAAEALAAAAAABAAEAAAICTAEAOw=="
The Memory Tree – Dealing with a Death in the Family,https://freekidsbooks.org/the-memory-tree-dealing-with-a-death-in-the-family/,"Illustrated by Agrippa Mncedisi Hlophe, Written by Savnola Goldridge",https://freekidsbooks.org/wp-content/uploads/2023/09/2309-the-memory-tree-BookDash-FKB.pdf,Thembi and Thulani’s Grandpa is very sick. They are sad. Then Mommy and Daddy tell them Grandpa won’t be coming home anymore. They miss Grandpa Nathi. Daddy and Mommy find a special way to remember Grandpa Nathi. Illustrated by Agrippa Mncedisi Hlophe Written by Savnola Goldridge Designed by Jason Gien Edited by Mariam Mahomed Brought …,https://freekidsbooks.org/wp-content/uploads/2023/10/2310-Scary_No_More-FKB-Cover.jpg
Professor Blue,https://freekidsbooks.org/professor-blue/,"Written by Gabriel Rosenstock, Illustrated by Carol Betera",https://freekidsbooks.org/wp-content/uploads/2023/08/Professor_Blue-FKB.pdf,"Professor Blue is one of Gabriel Rosenstock’s nutty professors. He loves blue – singing the blues, a blue terrier, blue car, but can too much of a good thing be bad? You can also read along with this book here: Read by Kiwi Opa","data:image/gif;base64,R0lGODlhAQABAAAAACH5BAEKAAEALAAAAAABAAEAAAICTAEAOw=="
"Elephant, Naughty Elephant",https://freekidsbooks.org/elephant-naughty-elephant/,"Original Text Abhi Krish, Adaption Danielle Bruckert, Illustrations Warmly Designs",https://freekidsbooks.org/wp-content/uploads/2023/08/Elephant_Naughty_Elephant-FKB.pdf,"What is Elephant doing? And is he really naughty? Find out in this cute, beautifully illustrated text for young children. Repetition and simple language can also be useful for learn to read age. Sample Text from Elephant, Naughty Elephant What is Elephant doing, can you guess? Elephant, naughty Elephant, what are you doing? Why, I’m …",https://freekidsbooks.org/wp-content/uploads/2023/10/2310-Cool_Cat-Cover.jpg
Tractor Gets Help,https://freekidsbooks.org/tractor-gets-help/,"Author: Mokgaetji Marutla, Illustrator: Ntibile Zonke o hweditše",https://freekidsbooks.org/wp-content/uploads/2023/08/2308-tractor-gets-help-FKB.pdf,A short beautifully illustrated book about tractor and his friends available as a free pdf download or to read online,"data:image/gif;base64,R0lGODlhAQABAAAAACH5BAEKAAEALAAAAAABAAEAAAICTAEAOw=="
"Save the Planet – Be Nice series book 4, revised edition",https://freekidsbooks.org/save-the-planet-be-nice-series-book-4-revised-edition/,Danielle Bruckert and Zehnya Bruckert,https://freekidsbooks.org/wp-content/uploads/2023/02/FKB_Learn-Sight-Words-Print_friendly-Save_the_Planet-VZ.pdf,"Save the Planet is a short simple book for young children, and beginner ESL readers, promoting values of conservation and ecologically-friendly behaviour. This book teaches children ten important lessons about conservation and actions that can help preserve and conserve our natural environment and the resources, for those of us, people and animals, who inhabit it. …",https://freekidsbooks.org/wp-content/uploads/2023/09/2309-Goldilocks_FKB.jpg
I Feel… – understanding emotions,https://freekidsbooks.org/i-feel-understanding-emotions/,Craig Aldred adapted by Danielle Bruckert,https://freekidsbooks.org/wp-content/uploads/2023/07/2307-I_feel-FKB.pdf,I Feel… is a book for young children to explore their emotions. Explore each emotion with your little one and ask your child when they felt the same and what could they do. Early steps to emotional intelligence!,"data:image/gif;base64,R0lGODlhAQABAAAAACH5BAEKAAEALAAAAAABAAEAAAICTAEAOw=="
Colours – With Bear,https://freekidsbooks.org/colours-with-bear/,Author: Priyanka Illustrator: Ajanta Guhathakurta Translator: Alisha Berger,https://freekidsbooks.org/wp-content/uploads/2023/07/2307-Colours-Bear-RtR-FKB.pdf,"Bear likes colours – see all the pretty colours on his pure white fur… A beautiful text for emergent readers. Another great story from Room to Read, https://www.roomtoread.org/, brought to us by Storyweaver, https://storyweaver.org.in. Author: Priyanka, Illustrator: Ajanta Guhathakurta, Translator: Alisha Berger Read along with the video, read by Kiwi Opa: See more from Room …",https://freekidsbooks.org/wp-content/uploads/2023/07/2307-I_feel-FKB-1.jpg
MORE Conversations Among Cats,https://freekidsbooks.org/more-conversations-among-cats/,Gabriel Rosenstock,https://freekidsbooks.org/wp-content/uploads/2023/07/2307-More_Conversations_among_Cats-GR-FKB.pdf,"After an exceptionally positive reception to the book Conversations Among Cats, Gabriel Rosenstock has delved deeper into the world of cats with this expanded second edition – MORE Conversations Among Cats. The insights are playful and cat-like, and the conversations are longer and more intriguing than the first popular book. Enjoy this interlude into the …","data:image/gif;base64,R0lGODlhAQABAAAAACH5BAEKAAEALAAAAAABAAEAAAICTAEAOw=="
Fun With Animals – Scissor Skills Book,https://freekidsbooks.org/fun-with-animals-scissor-skills-book/,Buzzing Bee Press,https://www.buzzingbeepress.com,Help your little one learn fine motor skills in a safe and fun way with this animal theme scissor skills book. You can see many more of these books for purchase here: https://www.buzzingbeepress.com,https://freekidsbooks.org/wp-content/uploads/2023/07/2307-Colours-Bear.jpg
Dinosaur Mazes for Kids,https://freekidsbooks.org/dinosaur-mazes-for-kids/,Buzzing Bee Press,https://www.buzzingbeepress.com,"A bumper collection of mazes and dot to dot with a dinosaur theme. Help children develop important educational skills while having tons of fun! Hard copies also available at the author’s website, here: https://www.buzzingbeepress.com","data:image/gif;base64,R0lGODlhAQABAAAAACH5BAEKAAEALAAAAAABAAEAAAICTAEAOw=="
Sami’s Beach Rescue – Help promote water safety!,https://freekidsbooks.org/samis-beach-rescue-help-promote-water-safety/,"Written by Ellie Jackson, Illustrated by Felipe Calv",https://freekidsbooks.org/wp-content/uploads/2023/06/Samis-Beach-Rescue-Ext-Vs-Colouring-FKB.pdf,"Sami and his family take a trip to the sea, but when things take a turn for the worse, Sami’s quick thinking and recollection of his water safety training are put to the test. Will “Float to Live” save the day? This beautifully illustrated book combines adventure and suspense with essential water safety lessons for …",https://freekidsbooks.org/wp-content/uploads/2023/07/2307-More_Conversations_among-Cats-GR-FKB.jpg
I Want to Be…,https://freekidsbooks.org/i-want-to-be/,"Lucia Shali-Paulus, Mitchell Gatsi, Rauha Shagandjua",https://freekidsbooks.org/wp-content/uploads/2023/06/2306-i-want-to-be_en_20221129-v1-BS-FKB.pdf,"A book for young children inspiring thoughts as to what they want to be when they grow up and encouraging a love of reading. Sample Text from I Want to Be… “Look,” Nali says. “There’s Mum.” “When I grow up, I want to be a police officer, too. Like Mum!” < End of Page 4> …","data:image/gif;base64,R0lGODlhAQABAAAAACH5BAEKAAEALAAAAAABAAEAAAICTAEAOw=="
Conversations Among Cats,https://freekidsbooks.org/conversations-among-cats/,Gabriel Rosenstock and Elizabeth Fearne Bonsall,https://freekidsbooks.org/wp-content/uploads/2023/05/2305-Conversations_among_Cats-GR-FKB.pdf,"Gabriel Rosenstock overhears these delightful conversations among cats set to the beautiful images of Elizabeth Fearne Bonsall. Sample Page from Conversations Among Cats What will we do today?” “Kill a mouse. What else?” “Kill a mouse? Do we have to?” “Yes.” “Meeow! Well, if you insist.” “I insist.” “Come on. Shake a leg! Let’s tell …",https://freekidsbooks.org/wp-content/uploads/2023/07/2307-Animals-Scissor_Skills-FKB.jpg
There’s a Monster,https://freekidsbooks.org/theres-a-monster/,Danielle Bruckert,https://freekidsbooks.org/wp-content/uploads/2023/07/2305-Theres_a_Monster-FKB.pdf,"A mysterious monster is wreaking havoc in this child’s house. Who is she? What will the child do? There are monsters everywhere in our imagination. The trick is to find their friendly side, while working with them on the bad habits. Do you have monsters in your house? Another great book from the creator and …","data:image/gif;base64,R0lGODlhAQABAAAAACH5BAEKAAEALAAAAAABAAEAAAICTAEAOw=="
Mommy Can Play Again,https://freekidsbooks.org/mommy-can-play-again/,Trio Philadelphia,https://freekidsbooks.org/wp-content/uploads/2023/05/2305-MommyCanPlayAgain-Trio-FKB.pdf,"Molly learns about her mother’s need for a lung transplant. In time, after that successful transplant, Molly can play in the sandbox with her mother again. Based on real-life events, this is a story for children of families facing transplant, illustrated by children of TRIO Philadelphia chapter transplant families; conceived, created, and edited by the …",https://freekidsbooks.org/wp-content/uploads/2023/07/2306-Dinosuar_Mazes-Cover.jpg
The Fox Who Wanted to Fly,https://freekidsbooks.org/the-fox-who-wanted-to-fly/,M. Fox,https://freekidsbooks.org/wp-content/uploads/2023/05/2305-the_fox_who_wanted_to_fly-FKB.pdf,"The fox sees the birds, bees, and bats, and greatly desires to fly – will perseverance win? Sample Text: One night, Fox told her kits a bedtime story. It was the tale of a fox. This fox wanted to fly. Her kits said they wanted to fly. They said, “Flying looks like fun!” Let’s listen …","data:image/gif;base64,R0lGODlhAQABAAAAACH5BAEKAAEALAAAAAABAAEAAAICTAEAOw=="
Under My Pillow,https://freekidsbooks.org/under-my-pillow/,Jennifer Ballow,https://a.co/d/2l1tLjK,"An adventure about a five-year-old girl who loses her first tooth. She puts it under her pillow as many children do but discovers that there is no tooth or present the next day. She then goes on a quest to solve the mystery with the help of her mom, the Tooth Fairy, and the Tooth …",https://freekidsbooks.org/wp-content/uploads/2023/05/2305-the_fox_who_wanted_to_fly-FKB.jpg
The Good Fox – A new fable,https://freekidsbooks.org/the-good-fox-a-new-fable/,Computer Mice,https://freekidsbooks.org/wp-content/uploads/2023/04/2304-the_good_fox-a_new_fable-FKB.pdf,The Good Fox is a fable about a fox who succeeds through kindness. It reinforces how doing good is rewarding and being kind to others is important. The book also has lots of fun repetition so can be suitable for children learning to read. Sample Text from The Good Fox Fox awoke and she was …,"data:image/gif;base64,R0lGODlhAQABAAAAACH5BAEKAAEALAAAAAABAAEAAAICTAEAOw=="
The Golden Flower,https://freekidsbooks.org/the-golden-flower/,Lee Gamboa,https://freekidsbooks.org/wp-content/uploads/2023/03/2303-The_Golden_Flower_FKB-8.5.pdf,"Two young sisters go on an adventure and find more than they planned. The Golden Flower – Sample Text Once upon a time, in a land far away, there lived two sisters named Ariana and Nicoletta. Ariana was the older sister, always taking charge and making sure they stayed out of trouble. Nicoletta, on the …",https://freekidsbooks.org/wp-content/uploads/2023/04/2404-Under_My_Pillow-FKB-Cover.jpg
Doing My Chores – MonkeyPen,https://freekidsbooks.org/doing-my-chores-monkeypen/,MonkeyPen,https://freekidsbooks.org/wp-content/uploads/2023/03/2303-DOING_MY_CHORES-Childrens-Book-By-Monkey-Pen_FKB.pdf,"Doing your chores is sometimes hard, see how this child makes it fun and rewarding. A free book by MonkeyPen – where you can order personalised books of your child! See more books by MonkeyPen here on FKB. See more books on Behaviour here on FKB.","data:image/gif;base64,R0lGODlhAQABAAAAACH5BAEKAAEALAAAAAABAAEAAAICTAEAOw=="
Thangwang and Bhalluka,https://freekidsbooks.org/thangwang-and-bhalluka/,Mala Kumar and  Jithin Jacob,https://freekidsbooks.org/wp-content/uploads/2023/02/2302-ThanwangandBhalluka-FKB.pdf,"Baby Thangwang and Bhalluka the Bear are best friends. They like to talk and growl together,  This cute short story has lots of sound words for early readers to practice sounding out or to have fun sounding out when reading to a toddler / kindergartener. Sample Page – Thangwang and Bhalluka Baby Thangwang likes to …",https://freekidsbooks.org/wp-content/uploads/2023/04/2304-the_good_fox-a_new_fable-FKB.jpg
Don’t Be a Bully – Be Nice Book 3 – Revised Edition,https://freekidsbooks.org/dont-be-a-bully-be-nice-book-3-revised-edition/,Danielle Bruckert and Zehnya Bruckert,https://freekidsbooks.org/wp-content/uploads/2023/02/FKB_Learn-Sight-Words-Print_friendly-Dont_Be_a_Bully-VZ.pdf,"Don’t be a Bully is a short simple book for young children, and beginner ESL readers, promoting values of anti-bullying and anti-discrimination. This book teaches children ten important life lessons about values and the importance of treating everyone equal, no matter what race, religion, gender, or abilities. There are exercises supporting the topics at the …","data:image/gif;base64,R0lGODlhAQABAAAAACH5BAEKAAEALAAAAAABAAEAAAICTAEAOw=="
My Wild Life – Early Reader,https://freekidsbooks.org/my-wild-life-early-reader/,"Illustrated by Kseniia Kudriavtseva, Written by Danielle Bruckert",https://freekidsbooks.org/wp-content/uploads/2022/12/My-Wild-Life.pdf,"What if you had a manatee in our bathtub, or a bison in your bed? Would you enjoy them there? Wild animals in your house sound like fun but find out more in this fun story that helps children learn the sounds and spelling of ere, ear, ier, air, are. Sample Text and First Page …",https://freekidsbooks.org/wp-content/uploads/2023/03/2303-The-Golden-Flower.jpg
Catch that Cat!,https://freekidsbooks.org/catch-that-cat/,"Illustrated by Lindy Pelzl, Written by Megan Pirie",https://freekidsbooks.org/wp-content/uploads/2022/12/2211-catch-that-cat_en-FKB.pdf,"The Cat has stolen a sock and then ran off, but is there a reason why she stole the sock? Find out more in Catch that Cat from BookDash. Sample Text from Catch that Cat! Hurry. Hurry! Help me, catch that cat! She stole my sock and ran off … snatch her. Grab her. Catch …","data:image/gif;base64,R0lGODlhAQABAAAAACH5BAEKAAEALAAAAAABAAEAAAICTAEAOw=="
How to Be Happy – Be Nice Book 2 – Revised Edition,https://freekidsbooks.org/how-to-be-happy-be-nice-book-2-revised-edition/,Compiled by Danielle Bruckert and Zehnya Bruckert,https://freekidsbooks.org/wp-content/uploads/2022/11/FKB_Learn-Sight-Words-Print_friendly-How_to_be_Happy-VZ.pdf,"10 life lessons on how to be happy by 10 friendly animal characters, including sight words and activities, perfect for school use, in a pdf and editable children’s book released under CC-BY-NC.",https://freekidsbooks.org/wp-content/uploads/2023/03/2303-DOING_MY_CHORES-By-Monkey-Pen_FKB.jpg
The Confessions of Henry Hooter the Third – And other fun poems for kids,https://freekidsbooks.org/the-confessions-of-henry-hooter-the-third-fun-poems-for-kids/,Gabriel Rosenstock,https://www.amazon.co.uk/s?k=gabriel+rosenstock&i=stripbooks&ref=nb_sb_noss,The Confessions of Henry Hooter the Third contains over 50 poems mostly written in rhyme for young children. Sample Text – The Confessions Of Henry Hooter The Third Sadly the dawn light seeps from the skies He closes his eyes Counts black sheep Cannot sleep. “I am tired of being wise … I’m not wise. …,"data:image/gif;base64,R0lGODlhAQABAAAAACH5BAEKAAEALAAAAAABAAEAAAICTAEAOw=="
A Cat for Santa,https://freekidsbooks.org/a-cat-for-santa/,T Ferries,https://freekidsbooks.org/wp-content/uploads/2022/10/2210-a-cat-for-santa-FKB.pdf,"A kitten is tricked by a bad fairy and falls into a well. Fortunately, some good fairies hear her calls for help and rescue her. The kitten cannot remember where she came from so the good fairies take her back to their home at the North Pole where she helps Santa and Mrs. Claus. The …",https://freekidsbooks.org/wp-content/uploads/2022/10/2210_HENRY_HOOTER-FKB.jpg
"Always Be Nice – 10 lessons in kindness, revised edition",https://freekidsbooks.org/always-be-nice-10-lessons-in-kindness-revised-edition/,Danielle Bruckert and Zehnya Bruckert,https://freekidsbooks.org/wp-content/uploads/2022/08/FKB_Learn-Sight-Words-Print_friendly-Always_Be_Nice-VZ.pdf,Always be Nice is a short book for young children promoting kindness and manners and can be used as an early reader. The book is perfect for building confidence in reading with only 28 words most of which are simple words. This book also teaches kids ten important lessons about being kind to others. Each …,"data:image/gif;base64,R0lGODlhAQABAAAAACH5BAEKAAEALAAAAAABAAEAAAICTAEAOw=="
The Azapazaz Bunch and the Amazing Akroozer Flying Machines,https://freekidsbooks.org/the-azapazaz-bunch-and-the-amazing-akroozer-flying-machines/,Tracie Johansen,https://freekidsbooks.org/wp-content/uploads/2022/08/AmazingAkroozerFlyingMachines_FKB.pdf,"Tracie Johansen Azpazaz bunch are back with an epic, whimsical, rhyming adventure in their Akroozer Flying Machines. Packed full of prepositions, adverbs, and adjectives along with the rhyme, this can be suitable for fun or as an early reader. Sample Text from Amazing Akroozer Flying Machines Are you ready to go on an adventure with …",https://freekidsbooks.org/wp-content/uploads/2022/10/2210-a-cat-for-santa-FKB.jpg
The Friendly Needle – All about getting a vaccination,https://freekidsbooks.org/the-friendly-needle-all-about-getting-a-vaccination/,Brandon Green,https://freekidsbooks.org/wp-content/uploads/2022/07/The-Friendly-Needle-Brandon-Green-FKB.pdf,"Getting a vaccination can be very scary. The Friendly Needle, in this charming illustrated story, tells Jack all about how vaccinations can help protect him. After focussing on all the positives, the pinch didn’t hurt Jack as much as he thought it would. If your child needs to get a vaccination this is a great …","data:image/gif;base64,R0lGODlhAQABAAAAACH5BAEKAAEALAAAAAABAAEAAAICTAEAOw=="
My Body is Mine! – Providing awareness of abuse for young children,https://freekidsbooks.org/my-body-is-mine-providing-awareness-of-abuse-for-young-children/,East Carolina University,https://freekidsbooks.org/wp-content/uploads/2022/06/My-Body-is-MINE-ECU-FKB.pdf,My Body is Mine is a short and powerful book for children to help them become aware of the nature of abuse and how important it is to speak to a parent or trusted adult. The book also provides some guidance pages for adults on how to identify signs and how to handle a child’s …,https://freekidsbooks.org/wp-content/uploads/2019/10/Always-Be-Nice-.jpg
Hygiene Helps – Hygiene tips for kids,https://freekidsbooks.org/hygiene-helps-hygiene-tips-for-kids/,compiled by Danielle Bruckert,https://freekidsbooks.org/wp-content/uploads/2022/05/hygiene-helps-FKB.pdf,Teach your children proper hygiene and why it’s important in this short book for children about hygiene,"data:image/gif;base64,R0lGODlhAQABAAAAACH5BAEKAAEALAAAAAABAAEAAAICTAEAOw=="
Kumquat Goes to Austrailia,https://freekidsbooks.org/kumquat-goes-to-austrailia/,"Written by Ira Filontseva, Illustrated by Rene Macarthur",https://freekidsbooks.org/wp-content/uploads/2022/05/Kumquat-goes-to-Australia-FKB.pdf,"Kumquat, an adorable Collie-cross, is going to Austrailia. This fun book shows Kumquat in all the fun adventures he has there. Eating vegemite, cuddling koalas and kangaroos, and many more. Kumquat’s family created this endearing book to help raise funds for the very costly trip. You can read all about it here: https://gogetfunding.com/help-kumquat-get-to-australia/ If you …",https://freekidsbooks.org/wp-content/uploads/2022/08/AmazingAkroozerFlyingMachines.jpg
Kittens – Bookbot Series 10,https://freekidsbooks.org/kittens-bookbot-series-10/,Bel Richardson,https://freekidsbooks.org/wp-content/uploads/2022/04/Kittens_FKB.pdf,Another BookBot decodable reader is back this time with a bunch of very cute kittens. A cute short story for early readers. Bookbot provides a series of decodable readers for children learning to read. See more of BookBots books at www.bookbotkids.com/phonics-books. or here on Free Kids Books below:,"data:image/gif;base64,R0lGODlhAQABAAAAACH5BAEKAAEALAAAAAABAAEAAAICTAEAOw=="
I Can Paint – BookBot early reader,https://freekidsbooks.org/i-can-paint-bookbot-early-reader/,Bel Richards and Mykyta Harets,https://freekidsbooks.org/wp-content/uploads/2022/04/I-Can-Paint_FKB.pdf,I can Paint!I can paint a train.A train in rain.A train in Spain!,https://freekidsbooks.org/wp-content/uploads/2022/07/the_friendly_needle_cover.jpg
Brave Bora – A trip to the Doctor,https://freekidsbooks.org/brave-bora-a-trip-to-the-doctor/,"Edna Gicovi, Ellen Heydenrych, Raeesah Vawda",https://freekidsbooks.org/wp-content/uploads/2022/03/brave-bora_BookDash-FKB.pdf,"Follow Bora with her toy Monkey Jojo and her Baba on a trip to the Doctor to get a scary injection. Find out if she can overcome her fears and how.   This book was brought to us by BookDash, see more from BookDash here on FKB below:","data:image/gif;base64,R0lGODlhAQABAAAAACH5BAEKAAEALAAAAAABAAEAAAICTAEAOw=="
An Unexpected Adventure – Wordless Fun,https://freekidsbooks.org/an-unexpected-adventure-wordless-fun/,"Illustrated by Emma Bosman, Written by Carina Jooste, Designed by Nadene Kriel",https://freekidsbooks.org/wp-content/uploads/2022/03/an_unexpected_adventure_en_20211018-BookDash-FKB.pdf,"In An Unexpected Adventure, a boy finds some exciting scenarios on a trip to the Library. In this book you can make your own words, teachers can use it as a word prompt for students, or it can be a fun exercise for parents and children to make their own words, it’s also very suitable …",https://freekidsbooks.org/wp-content/uploads/2022/03/brave-bora_cover-scaled.jpg
Lets Cook with Kids – Vamos a Cocinar con los Niños,https://freekidsbooks.org/lets-cook-with-kids-vamos-a-cocinar-con-los-nin%cc%83os/,North East Valley Health,https://freekidsbooks.org/wp-content/uploads/2022/02/Lets-Cook-With-Kids-FKB.pdf,"Have fun cooking with your child with these simple yet delicious recipes. Find fun ways to make healthy food more delicious and appealing to kids. Find great snack ideas for lunches and parties or find healthy full meals for breakfast, lunch, or dinner, and many fun yet healthy desserts, all packed full of fruit, vegetables, …","data:image/gif;base64,R0lGODlhAQABAAAAACH5BAEKAAEALAAAAAABAAEAAAICTAEAOw=="
Horse Colouring Pages by Peaksel – Cute Colouring for Young Children,https://freekidsbooks.org/horse-colouring-pages-by-peaksel-cute-colouring-for-young-children/,Peaksel,https://freekidsbooks.org/wp-content/uploads/2022/01/Horse_Coloring_Pages_–_Printable_Coloring_Book_For_Kids-Peaksel-FKB.pdf,"The Horse Colouring Pages contains 20 pages of adorable horses and unicorns perfect for young children. For children who love horses, this is a fun-filled series of colouring pages. See more books by Peaksel here on FKB – https://freekidsbooks.org/author/peaksel/ The Dragon Colouring Book Butterfly Colouring Book The Dinosaur Colouring Book Sample pages from Horse Colouring Book …",https://freekidsbooks.org/wp-content/uploads/2022/03/An-unexpected-adventure-wordless-cover.jpg
"Nursery Rhymes, Fingerplays, and Songs for Circle Time",https://freekidsbooks.org/nursery-rhymes-fingerplays-and-songs-for-circle-time/,Leeds Grenville and Lanark District Health Unit,https://freekidsbooks.org/wp-content/uploads/2022/01/Nursery-Rhymes-Fingerplays-and-Songs-for-Circle-Time.pdf,"Enjoy this bumper book of 57 nursery rhymes, fingerplays, and songs for circle time. If you enjoyed this book see more books like this in our nursery rhymes section.","data:image/gif;base64,R0lGODlhAQABAAAAACH5BAEKAAEALAAAAAABAAEAAAICTAEAOw=="
Alphabet Colouring Book – Cambridge English,https://freekidsbooks.org/alphabet-colouring-book-cambridge-english/,Cambridge English,https://freekidsbooks.org/wp-content/uploads/2021/12/alphabet-colouring-book-Cambridge.pdf,"This Cambridge Alphabet Colouringbook is built on words from from the Cambridge English: Young Learners Word List. They cover all three levels: Starters, Movers and Flyers. You can use this colouring book to help children learn new words in a fun way and improve their English. It includes many of the words children might see …",https://freekidsbooks.org/wp-content/uploads/2022/02/Lets-cook-with-kids-FKB-cover.jpg
Where are the Animals? – Camouflage in the Artic from Wordscientists,https://freekidsbooks.org/where-are-the-animals-camouflage-in-the-artic-from-wordscientists/,"Written by Yenny Suh, Illustrated by George Carrara and Genn Lotysh",https://freekidsbooks.org/wp-content/uploads/2021/11/Where-are-the-animals-wordscientists-FKB.pdf,"Word Scientists are back with another great early reader, this time our student conservationists, Peg and Datiz are in search of Arctic animals. Peg and Datiz see, or almost don’t see, many camouflaged Arctic animals, and finally find a polar bear. This book is suitable for developing Readers. This book is available in an editable …","data:image/gif;base64,R0lGODlhAQABAAAAACH5BAEKAAEALAAAAAABAAEAAAICTAEAOw=="
Baby Aviva Orangutan Diva,https://freekidsbooks.org/baby-aviva-orangutan-diva/,"Written by Hans Kullberg, Illustrated by Carl Mefferd",https://www.amazon.com/dp/B09GG8SYD2 ,Baby Aviva the Orangutan Diva is looking for Bananas to feed her family. But there are lots of treacherous obstacles in her path. Find out how Baby Aviva uses all her resources to save the day and get the Bananas back to her family. Download or read online the full colouring book of Baby Aviva …,https://freekidsbooks.org/wp-content/uploads/2022/01/Horse_Coloring_Pages_–_Printable_Coloring_Book_For_Kids-Peaksel-FKB.jpg
Polar Bears in the Arctic – Learn to Read with WordScientists,https://freekidsbooks.org/polar-bears-in-the-arctic-learn-to-read-with-wordscientists/,"Written by Yenny Sue, Photos Peg and Datiz, Illustrations George Carrara and Glenn Lotysh",https://freekidsbooks.org/wp-content/uploads/2021/10/Polar_Bears_in_the_Arctic-wordscientists-FKB.pdf,"This short book about polar bears from Wordscientists, edited by FKB, introduces easy to read CVC words and builds confidence for early readers. The book is available in pdf, read online, and an editable download. Text from Polar Bears in the Arctic Introduction (teacher or parent reads): Peg and Datiz go to the Arctic Circle …","data:image/gif;base64,R0lGODlhAQABAAAAACH5BAEKAAEALAAAAAABAAEAAAICTAEAOw=="
Always Be Good – FKB Be Nice Series Book 5,https://freekidsbooks.org/always-be-good-fkb-be-nice-series-book-5/,Danielle Bruckert,https://freekidsbooks.org/wp-content/uploads/2022/07/FKB_Learn-Sight-Words-Print_friendly-Always_Be_Good.pdf,"Always Be Good is a short simple book for young children, and beginner ESL readers, promoting important behaviours young children need to learn. Book 5 in the FKB Always Be Nice series featuring cute animals and alliteration.",https://freekidsbooks.org/wp-content/uploads/2022/01/Nursery-Rhymes-Fingerplays-and-Songs-for-Circle-Time.jpg
Lion Queen – An iPop! adaption of three bears,https://freekidsbooks.org/lion-queen-an-ipop-adaption-of-three-bears/,iPop! Labs,https://freekidsbooks.org/wp-content/uploads/2021/09/LionQueen_Grade3-5-ipop-FKB.pdf,Lion Queen is a super adaption of the classic tale of three bears. IPop! Labs include whimsical phrases and cute characters with a twist at the end to make this a fun rendition of the favourite tale. Sample Page from Lion Queen Read the full book by selecting one of the buttons below the post. …,"data:image/gif;base64,R0lGODlhAQABAAAAACH5BAEKAAEALAAAAAABAAEAAAICTAEAOw=="
Meera and Ameera – Imaginary Friends,https://freekidsbooks.org/meera-and-ameera-imaginary-friends/,"Author: Nimmy Chacko, Illustrator: Lavanya Naidu",https://freekidsbooks.org/wp-content/uploads/2021/07/meera-and-ameera-pratham-FKB.pdf,Meera and Ameera are best of friends. Strangely Meera is the only one who can see Ameera. That’s probably because she is an imaginary porcupine. Join the two friends in their many adventures real and made up. Sample Text From Meera and Ameera Meera and I are a team. She’s my most favourite person in …,https://freekidsbooks.org/wp-content/uploads/2021/09/LionQueen_Grade3-5-ipop-FKB-cover.jpg
Body Chemistry – Monster Me,https://freekidsbooks.org/body-chemistry-monster-me/,iPop! Labs,https://freekidsbooks.org/wp-content/uploads/2021/07/BodyChemistry_Grade3-5-iPOP-FKB.pdf,"The monsters are back with humour and body chemistry, check out their latest adventure and find out why one monster is always hungry. Read this fun book by selecting one of the buttons below the post.         Read more from iPop! Labs below","data:image/gif;base64,R0lGODlhAQABAAAAACH5BAEKAAEALAAAAAABAAEAAAICTAEAOw=="
Who’s to Say – Inspirational Thoughts,https://freekidsbooks.org/whos-to-say-inspirational-thoughts/,Dr Deven Tellis,https://www.amazon.com/dp/1735263745,"Who’s to Say is the first book of affirmations in ‘The Amazingly Affirmed’ children’s book series. This 33 page picture book for young readers is aimed to encourage them to have big dreams and aspirations. Through colorful illustrations and encouraging words, readers will journey down the path of possibility, and cheer themselves on along every …",https://freekidsbooks.org/wp-content/uploads/2021/07/meera-and-ameera-pratham-FKB.jpg
Sani and Suri,https://freekidsbooks.org/sani-and-suri/,"Author: Shilpi Pradhan, Illustrator: Yuvaka Srestha",https://freekidsbooks.org/wp-content/uploads/2021/07/sani-and-suri-RTR-FKB.pdf,"Sani loves her cat Suri. One day Suri is missing. Sani searches high and low, far and wide, will she find Suri? This is a level 1 book for children just beginning on their reading journey. Sample Text from Sani and Suri Sani had a small cat. Its name was Suri. Sani loved Suri very …","data:image/gif;base64,R0lGODlhAQABAAAAACH5BAEKAAEALAAAAAABAAEAAAICTAEAOw=="
All Phones and Games – Monster Me,https://freekidsbooks.org/all-phones-and-games-monster-and-me/,iPOP! Labs,https://freekidsbooks.org/wp-content/uploads/2021/06/AllPhoneandGames_iPOP-FKB.pdf,"Monster Newmon has a story about a puppet show he put on, but the other monsters are busy making havoc with their phones. Do Newmon’s feelings get hurt? Read this debut book from iPop! Labs by selecting one of the buttons below the post. Read more from iPop! Labs below:",https://freekidsbooks.org/wp-content/uploads/2021/07/BodyChemistry_Grade3-5-iPOP-FKB.jpg
Malar’s Big House,https://freekidsbooks.org/malars-big-house/,Author: Thirupurasundari Sevvel Illustrator: Ankitha Kini,https://freekidsbooks.org/wp-content/uploads/2021/05/malar-s-big-house-Pratham-FKB.pdf,"Malar’s building a big house, but will she manage to keep her house standing? Find out in Malar’s Big House. Sample Text from Malar’s Big House Today, Malar is going to build a big house! “I can use these!” “My big house will be this high!” says Malar. “And this wide!” <End of sample from …","data:image/gif;base64,R0lGODlhAQABAAAAACH5BAEKAAEALAAAAAABAAEAAAICTAEAOw=="
"Alphabeti-cool, Painted ABCs",https://freekidsbooks.org/alphabeti-cool-painted-abcs/,Rebecca Bielawski,https://www.amazon.com/Alphabeti-cool-painted-ABCs-Rebecca-Bielawski/dp/1482554992/,"A B C D E F G so many letters on the alphabet tree. H I J K L M N O P spell all the words for the things we see. Q R S T U V, W’s a tricky one, then X Y and Z ! Captivate and cultivate the imagination while teaching …",https://freekidsbooks.org/wp-content/uploads/2021/07/Deven-Interior_Whos-to-Say-10_1_20-FKB.jpg
I Can Dress Myself – Wordless Book,https://freekidsbooks.org/i-can-dress-myself-wordless-book/,"Author: Bridget Krone, Illustrator: Heidel Dedekind",https://freekidsbooks.org/wp-content/uploads/2021/05/i-can-dress-myself-BD-FKB.pdf,I Can Dress Myself is an amusing short wordless book about a child getting herself dressed while Mum is sleeping. Have fun making up some words or have your child guess what is going on in each picture. This story was brought to us by BookDash. Listen to a narration created by Kiwi Opa: If …,"data:image/gif;base64,R0lGODlhAQABAAAAACH5BAEKAAEALAAAAAABAAEAAAICTAEAOw=="
Chiu’s Powers,https://freekidsbooks.org/chius-powers/,Shrujana Shridhar,https://freekidsbooks.org/wp-content/uploads/2021/05/chiu-s-power-pratham-FKB.pdf,Chiu sees exciting things that others cannot – flying rockets and fish swimming on the blackboard. Ajji takes Chiu to the eye doctor to find out about her magical powers. Sample Text from Chiu’s Powers Chiu is late for school. But she cannot find her red bottle. Is that her bottle? Or is it a …,https://freekidsbooks.org/wp-content/uploads/2021/07/sani-and-suri-RTR-FKB.jpg
The Three Little Kittens,https://freekidsbooks.org/the-three-little-kittens/,"Author: Chou Chinith, Illustrator: Youm Kosal",https://freekidsbooks.org/wp-content/uploads/2021/04/the-three-little-kittens-RTR-FKB.epub,"A chase with a dog ends up in a humorous adventure. The three little kittens are running from a dog, so fast they don’t stop for anything, until they are trapped, will the dog catch them? Or will there be a happy ending? Sample Text from Three Little Kittens One day three little kittens meet …","data:image/gif;base64,R0lGODlhAQABAAAAACH5BAEKAAEALAAAAAABAAEAAAICTAEAOw=="
The Bee and the Elephant,https://freekidsbooks.org/the-bee-and-the-elephant/,"Author: Long Ravy, Illustrator: Try Samphos",https://freekidsbooks.org/wp-content/uploads/2021/04/the-bee-and-the-elephant-RTR-FKB.pdf,"A little bee has lost his home and asks an elephant to help him find it. Sample Text from The Bee and the Elephant “I am lost,” said Little Bee. “I cannot find my home!” “Can you please help me, Mr. Elephant?” “Is this nest your home, Little Bee?” the elephant asked. “Oh no!” cried …",https://freekidsbooks.org/wp-content/uploads/2021/04/the-three-little-kittens-RTR-FKB.jpg
Egg – A simple mystery,https://freekidsbooks.org/egg-a-simple-mystery/,"Author: Mirna Lawrence, Illustrator: Megan Vermaak",https://freekidsbooks.org/wp-content/uploads/2021/03/egg-bookdash-fkb.epub,"In Egg Crocodile, tortoise, penguin, and chicken find an egg, is it theirs? If not whose is it? Find out in this simple book for very young children. Text from Egg Egg My Egg? Not My Egg. My Egg? Not My Egg. My Egg? Not My Egg. My Egg? Not My Egg. My egg. Our …","data:image/gif;base64,R0lGODlhAQABAAAAACH5BAEKAAEALAAAAAABAAEAAAICTAEAOw=="
"A Street, or a Zoo?",https://freekidsbooks.org/a-street-or-a-zoo/,"Authors: Mala Kumar, Manisha Chaudhry",https://freekidsbooks.org/wp-content/uploads/2021/02/a-street-or-a-zoo-fkb.epub,"Three children are playing in the street, where they happen upon several different animals. Is it a street, or a zoo? Find out what they do with the animals they find in this cute story for young children. Sample Text from A Street, or a Zoo? Sonu, Monu and Rina set out to play. They …",https://freekidsbooks.org/wp-content/uploads/2021/04/the-bee-and-the-elephant-RTR-FKB.jpg
I Want to be a Baker,https://freekidsbooks.org/i-want-to-be-a-baker/,Mai Nhia Xiong,https://freekidsbooks.org/wp-content/uploads/2020/12/I-want-to-be-a-baker-FKB.epub,"I Want to be a Baker is about a young child wanting to become a baker, and through the trials of learning, experiencing the feelings of giving up. But persevering and receiving help he eventually achieves his goals. Sample Text from I Want to be a Baker I want to be a baker! Because I …","data:image/gif;base64,R0lGODlhAQABAAAAACH5BAEKAAEALAAAAAABAAEAAAICTAEAOw=="
"Goat, Dog, and Cow – A fable",https://freekidsbooks.org/goat-dog-and-cow-a-fable/,"Author: Fabian Wakholi, Illustrator: Marleen Visser",https://freekidsbooks.org/wp-content/uploads/2020/12/goat-dog-and-cow-FKB.epub,"Have you ever wondered why dogs run after cars, goats run away from them, and cows just stand their ground? This book will tell you why. Sample Text from Goat, Dog, and Cow Goat, Dog and Cow were great friends. One day they went on a journey in a taxi. They reached the end of …",https://freekidsbooks.org/wp-content/uploads/2021/03/egg-Bookdash-FKB.jpg
An Umbrella for Druvi,https://freekidsbooks.org/an-umbrella-for-druvi/,"Author: Shabnam Minwalla, Illustrator: Malvika Tewari",https://freekidsbooks.org/wp-content/uploads/2020/10/an-umbrella-for-druvi-pratham-fkb.epub,Druvi needs an umbrella to protect her wings from the rain. Join the dragonfly as she searches for the perfect leaf-umbrella. Sample Text from An Umbrella for Druvi Druvi the dragonfly has just learnt to fly. She flies near the pond with her friends. They tease the frogs and eat mosquitoes for lunch. In the …,"data:image/gif;base64,R0lGODlhAQABAAAAACH5BAEKAAEALAAAAAABAAEAAAICTAEAOw=="
A Special Nest – Inventive solution to a problem,https://freekidsbooks.org/a-special-nest-inventive-solution-to-a-problem/,"Author: Kavita Singh, Illustrator: Partho Sengupta",https://freekidsbooks.org/wp-content/uploads/2021/06/a-special-nest-RTR-FKB.epub,"A bird is trying to build her nest for the winter, but every time she finishes she is disturbed. Until one day she finds a very inventive solution to her problem. Sample Text from A Special Nest – Inventive solution to a problem Winter is approaching. A bird decides to build a nest. She gathers …",https://freekidsbooks.org/wp-content/uploads/2021/02/a-street-or-a-zoo-fkb.jpg
Have you seen Sundari? – A finding game,https://freekidsbooks.org/have-you-seen-sundari-a-finding-game/,Aindri C,https://freekidsbooks.org/wp-content/uploads/2021/06/have-you-seen-sundari-pratham-FKB.epub,"A little girl looks for her frog, Sundari, on each page you can try to find where Sundari is hiding. A fun finding game for young children. Text from Have You Seen Sundari? – A finding game Have you seen Sundari? Sundari is green and loves to hide. Is Sundari hiding among the water lilies? …","data:image/gif;base64,R0lGODlhAQABAAAAACH5BAEKAAEALAAAAAABAAEAAAICTAEAOw=="
The Ocean Dream,https://freekidsbooks.org/the-ocean-dream/,"Author: Nhã Thuyên, Illustrator: Lê Thị Bích Khoa",https://freekidsbooks.org/wp-content/uploads/2021/06/the-ocean-dream-fkb.epub,Coral loves exploring the river. She wonders if it can take her to the ocean. Then one day she saves a rainbow fish and goes on an adventure. Is it real or all a dream? Will she ever see the rainbow fish again? Sample Text from The Ocean Dream Coral loves to explore her river. …,https://freekidsbooks.org/wp-content/uploads/2020/12/I-want-to-be-a-baker-FKB-1.jpg
